date,review_text,rating,sentiment,topics,user
2025-12-22 12:37:44.562957,"The Eiffel Tower is honestly better in real life than in photos. You think you‚Äôve seen it enough already, but standing there still feels impressive. It‚Äôs huge, but somehow not heavy or overwhelming.

The area around it is relaxed. People sit around, talk, take photos, or just chill on the grass. Walking around the tower is nice because every angle looks a bit different, so you don‚Äôt feel rushed to leave after one picture.

I went close to sunset and that was the best choice. The view from above is simple but beautiful ‚Äî rooftops, long streets, and the city stretching out in every direction. Nothing fancy, just very Paris.

At night, when the tower starts sparkling, it hits differently. It‚Äôs crowded, yes, but for a few minutes everyone just stops and looks. That moment alone makes the visit worth it.

Not a hidden gem, not a quiet place, but still something you should see at least once.",5.0,positive,ambience,L A K
2025-11-13 12:37:44.563408,"‚Ä¢	No ticket needed: You don‚Äôt have to buy a ticket to enter the tower or queue for elevators‚Äîjust pick a great external vantage and you‚Äôre free to shoot at your own pace.
‚Ä¢	Excellent photo spots nearby: Many well-documented locations give iconic Tower views from outside‚Äîe.g., Rue‚ÄØde‚ÄØl‚ÄôUniversit√©, Rue‚ÄØde‚ÄØBuenos‚ÄëAires, Avenue‚ÄØde‚ÄØCamo√´ns. These spots are highlighted in photographer guides as ‚Äúhidden‚Äù or less-crowded alternatives.  Ôøº
‚Ä¢	Flexible timing: Because you‚Äôre not tied to a ticket time, you can go early morning, late evening, or at twilight to capture different lighting and mood.
‚Ä¢	Lower cost: Skipping entrance means saving time and money, and focusing instead on the view and atmosphere.
‚Ä¢	Great for casual or photographic visits: If your priority is the Tower in your photo, rather than ascending it, this approach works perfectly.

‚∏ª

‚ö†Ô∏è What to keep in mind
‚Ä¢	You miss the ‚Äúinside‚Äù experience: You won‚Äôt go up into the tower, see its internal architecture, or get panoramic views from heights‚Äîit‚Äôs purely an ‚Äúoutside vantage‚Äù experience.
‚Ä¢	Crowds/lines possible at popular spots: Even external photo spots can be crowded (especially the very popular ones like Trocad√©ro or Rue de l‚ÄôUniversit√©). Some guides warn of ‚Äúmany people‚Äù even at street viewpoints.  Ôøº
‚Ä¢	Lighting & viewpoint selection matter: Good photos depend heavily on time of day, weather, background composition (street, river, buildings). If you go at the wrong time you may get harsh light or less dramatic angle.
‚Ä¢	Expect standard viewpoint, not ‚Äúsecret‚Äù: Many external spots now appear in photo-spot guides and social media; so while you‚Äôre not entering the tower, you might share the view with others.
‚Ä¢	Still some cost/time: If you go out for the trip, you‚Äôll still invest time (walking, transport) to reach a good baseline vantage.",5.0,positive,pricing,Amrit Das
2025-12-29 12:37:44.563444,"No matter how familiar you think you are with it from photos since childhood, or how ordinary you imagine an iron structure could be, the reality will amaze you. Its lights, height, and elegant curves completely captivate you. It truly feels like one of the wonders of the world and is worth traveling to Paris just to see it.",5.0,positive,ambience,Husam Qissi
2025-12-29 12:37:44.563454,"First time ever to see this iconic French Beauty!
Absolutely magnificent!!! So romantic!!! ‚ù§Ô∏è
My Darling husband booked the tickets at sunset so we can see the tower transitioning from daylight to gorgeous sunset with champagne in adorable cone like glasses ( you can keep as souvenir).As sun began to set the whole atmosphere become magical and breathtaking. To see the iconic French Landmark ,so magnificent ,with a totally amazing atmosphere, bringing so much happiness and excitement!!
We went all the way to the top and absolutely amazing view!! You can read all you want about Eiffel Tower but I'm telling you is totally different when you experience it in person. Is Magical!!!! So despite the elevator Broke on the second level, and we walked down 667 steps to get down ,I'm still going to give  5 stars!!
Why ? Because was totally worth it!!!",5.0,positive,ambience,NIKKI D
2025-12-29 12:37:44.563463,"The Eiffel Tower is an absolute icon and a must-see when visiting Paris. Seeing it up close is truly impressive, whether during the day or beautifully illuminated at night. The views from the top are breathtaking, offering a stunning panorama of the city and the River Seine. Even from the ground, the atmosphere around the tower is vibrant and memorable, with great photo opportunities from every angle. A timeless landmark that perfectly captures the romance and grandeur of Paris.",5.0,positive,ambience,Arunas Jag
2025-12-29 12:37:44.563481,"Visited in early March and late November 2025, and the Eiffel Tower is every bit as iconic as expected. Despite the cooler weather, the experience was smooth and well organized. The views over Paris are breathtaking, especially at dusk when the city lights start coming alive. Highly recommend booking tickets in advance to avoid long queues. A must-see landmark that truly lives up to its reputation.",5.0,positive,ambience,Bilal Qureshi
2025-12-29 12:37:44.563489,"My family visited the Eiffel Tower in August 2024, just after the Olympics, and it was an amazing experience. The structure itself is even more impressive in person ‚Äî both elegant and powerful ‚Äî and the views from the top are absolutely breathtaking. You can see all of Paris laid out beneath you, which really gives you a sense of how beautiful the city is.

The area around the tower felt very clean, safe, and well organized. We had heard stories in the past about street sellers and pickpocketing, but during our visit, everything seemed to be well controlled with a strong police presence. It made the whole experience much more relaxed and enjoyable for our family.

Overall, it was one of the best parts of our trip. Whether it‚Äôs your first time in Paris or a return visit, the Eiffel Tower is truly worth it for both the history and the view.",5.0,positive,cleanliness,Vinh Ly
2025-12-15 12:37:44.563498,"The place does have its own charm. Expect it to be crowded and be attentive/look out for pick pockets.

Personal suggestion; visit at night time. Looks more beautiful..

If you're planning to visit the tower decks, do buy tickets well in advance.",5.0,positive,ambience,Muhammad Abubakar
2025-10-14 12:37:44.564099,"A Magical Day at the Eiffel Tower

I visited the Eiffel Tower today and it absolutely lived up to the hype. From the moment I stepped onto the Champ de Mars, the Iron Lady‚Äôs latticework felt both grand and surprisingly graceful. The views from the top are breathtaking‚ÄîParis stretches out in every direction like a living postcard, with the Seine curving through the city and landmarks popping up everywhere you look.

The experience felt smooth and well-organized. Staff were friendly, and even with the crowds, the lines moved faster than I expected. I loved taking my time on each level‚Äîthere‚Äôs something special about pausing with a coffee and just soaking in the panorama. As evening fell, the tower‚Äôs sparkle made the whole scene feel downright romantic and cinematic.

If you‚Äôre planning a visit, I‚Äôd recommend booking tickets ahead of time and going a bit before sunset so you catch daylight, golden hour, and the first twinkle after dark. Whether you take the elevator or brave the stairs, the journey itself is part of the fun.

All in all, today‚Äôs visit was unforgettable. The Eiffel Tower isn‚Äôt just a must-see‚Äîit‚Äôs a must-feel. Five stars! ‚≠êÔ∏è‚≠êÔ∏è‚≠êÔ∏è‚≠êÔ∏è‚≠êÔ∏è",5.0,positive,"service, staff",Aryan Patel
2025-12-22 12:37:44.564133,It was a lovely experience. I didn't get to enter the tower though but I had fun touring the area and environs. Had some fun also at the park with live music and great vibes. I spent most of the day exploring and sampling street the food.,3.0,positive,ambience,Trinity
2025-12-22 12:37:44.564151,"One of the most beautiful places where I have ever been. Absolutely incredible view and place to visit. Please try to book your tickets in advance as there's a tourists and you can miss the time that suits you best. We went upstairs by stairs and it was so cool. On the way back you can use elevator. There's shops and coffee stores on the second floor, water stations, where you can get free water and lots of interesting stands regarding the building history. My big recommendation to visit.",5.0,positive,"service, ambience",Mariia Udymovych
2025-12-15 12:37:44.564169,"Visiting the Eiffel Tower is an unforgettable experience. The structure itself is iconic, and the view from the top is absolutely stunning. The area around it is lively and perfect for walking and taking photos. Lines can be long, so booking tickets in advance is recommended. A must-see landmark when visiting Paris",4.0,positive,,Ahmed Hossam El-Deen
2025-12-29 12:37:44.564183,"Amazement is an understatement.

The Eiffel Tower is magnificent in real life. I was beyond amaze and really falling in love with the shape of art. It's even prettier with the lights at night time.

I once don't understand why Paris is called city of love, but now I know why.",5.0,positive,ambience,Gea Wisesa
2025-12-15 12:37:44.564196,"A monument that‚Äôs worth visiting AT LEAST once in a lifetime! Unfortunately we didn‚Äôt have the option of going up the tower - but definitely will next time. A wonderful place to see for sure, magical during the night.
If you want to buy the tickets for going up the tower, get them at least a day in advance.",5.0,positive,pricing,Trip-a-holic
2025-12-29 12:37:44.564204,"Better time to come earlier from 11 until 3 pm the line is shorter. Evening after 4 pm the lines is very long.  Tickets up to 5y are free, from 5-11 - 9,10 euro. Adults 38.10 euro. (To go to theTop)",5.0,positive,"pricing, service",Angelina Angel
2025-12-22 12:37:44.564218,"Visiting the Eiffel Tower is a must when in Paris! You can enjoy it from outside for free, but going inside gives you the full experience.

What to See:
‚Ä¢	1st Floor: Small museum-like area with old-style furniture and interactive displays about the tower‚Äôs history ‚Äî really fun and educational, especially for kids.
‚Ä¢	2nd Floor (~115‚ÄØm): Stunning panoramic views, cafes, and shops. Perfect for photos and taking in the city.
‚Ä¢	Summit (~276‚ÄØm): The highest point with 360¬∞ views and telescopes. You‚Äôll see Paris like never before! Some equipment and antennas are also up here, but they don‚Äôt block the view.

Tips:
‚Ä¢	Best times: Early morning or late afternoon to avoid long lines.
‚Ä¢	Tickets: Adults ‚Ç¨14‚Äì36 depending on floor and stairs/lift; youth 12‚Äì24 ‚Ç¨7‚Äì18; kids 4‚Äì11 ‚Ç¨3‚Äì9; under 4 free. Online booking recommended.
‚Ä¢	Extras: Champagne at the top or guided tours make it extra special.

Recommendation:
Even if the lines look long, go inside ‚Äî the views and unique experience are worth it. The tower is not just a photo spot; each floor has something interesting to explore, from history to breathtaking sights.",5.0,positive,,bita nasr
2025-12-22 12:37:44.564224,"I heard warnings about pickpockets and safety issues around the Eiffel Tower, but our experience was much better than expected.

We arrived via the hop-on hop-off bus, and things felt quite manageable and not as bad as people often say.

We boarded a ferry along the Seine River, which was a lovely way to see the Eiffel Tower and nearby buildings.

The boat had an audio guide explaining the landmarks we passed, which made the ride both relaxing and informative.

One of the most heartwarming moments was seeing people along the river waving at us‚Ä¶. it felt very warm and welcoming.

The kids especially enjoyed the sparkling ‚Äúblink blink‚Äù lights on the tower that shine every 5 minutes each hour.

Unfortunately, the weather was foggy, so we could only see about half of the tower, which was a bit disappointing.

Still, even with limited visibility, the experience was memorable and special in its own way.

Overall, despite the fog and the warnings we heard beforehand, visiting the Eiffel Tower area was a pleasant and enjoyable experience for our family.",4.0,positive,"service, ambience",ÈòøÂÆù
2025-11-13 12:37:44.564235,"I don't know how you could not give this iconic structure anything less than five stars. Rain or shine, day or night (because it's lit up), the thing looks beautiful from any direction anytime. The only downside is dealing with all the touts trying to sell you something within eyesight of it. TIP: You'll get the best pictures from the other side of the river, and especially if you go right to the end of the park where you are at a higher elevation.",5.0,positive,ambience,Cory Sakai
2025-12-22 12:37:44.564240,"An absolute icon of Paris and a must-visit. Stunning views of the city from the top, especially overlooking the Seine and the gardens below. The structure looks impressive both from outside and when standing underneath it. Long queues can be expected, so booking tickets in advance helps. Best enjoyed on a clear day‚Äîand even more magical in the evening when it lights up.",5.0,positive,ambience,Bharat Ratan Sharma
2025-11-13 12:37:44.564250,"Well, I thought this place is overrated.

But once you are nearby Eiffel and witness the glittering of 20000 lights together, it's not longer over hyped. It's worth the hype.

It's like a majestic one standing tall.

You must visit this place with your loved one and click pics and it'll for your lifetime.

The first time view of Eiffel was mesmerizing and once u travel in the metro you can see the Eiffel in the night light and yeah this was the best view.

Entry to the top floors needed tickets and other gardens are of free access.

Overall a life time experience to be honest.",5.0,positive,ambience,Anandu
2025-12-15 12:37:44.564256,"A must see in Paris! Highly recommend going to the top! However, you will wait in line for an hour for tickets, fyi. The views are incredible though, and worth it. There are a few shops and a small bistro on the 2nd floor, in case you want souvenirs or you're hungry.",5.0,positive,food quality,Kelsey Saunders
2025-11-13 12:37:44.564270,"While it is a great experience, few things to mention. I was looking to see the sunset from the top, so i would recommend to book time at least an hour b4 the sunset time. The wait for the 1st lift was about 15 min from timed entry, the wait for the 2nd was over 30 min and it may get very windy on the open platform. I would plan for at least an hour on top, there are 2 levels on top, one enclosed and heated and it offers an amazing view from the open platform. Very rewarding to watch city dressing in the lights.
Now, i found it best to buy tix 60 days in advance from official site, but it may be close to impossible to do outside of same time zone. You have to use VPN and hunt for desired time slot midnight sharp Paris time. You may have to also change local clock to Paris time on top. I would strongly recommend to ""test"" the site few days in advance to understand what to expect. Good luck, enjoy magnificent experience.",5.0,positive,service,Quara KuDuMuz
2025-12-22 12:37:44.564280,"Visiting the Eiffel Tower is one of those experiences that truly lives up to the hype. No matter how many photos you‚Äôve seen before, standing in front of it in person feels completely different. The scale, the details in the ironwork, and the way it dominates the Paris skyline are impressive in a way that‚Äôs hard to describe.

Going up the tower is absolutely worth it. The views over Paris are stunning, especially on a clear day. You get a full sense of how beautiful and elegant the city is, with the Seine winding through it and landmarks visible in every direction. Even just spending time at the base, walking around and taking photos, feels special.

Yes, it can get crowded, and lines can be long if you don‚Äôt plan ahead. Buying tickets in advance definitely helps. Security is well organized, and staff do their best to keep things moving smoothly despite the number of visitors.

At night, the experience becomes even more magical. When the tower lights up and sparkles, it creates one of the most memorable moments you can have in Paris. It‚Äôs romantic, iconic, and something you‚Äôll remember long after your trip is over. A true must-see.",5.0,positive,ambience,Rafael Alvarez
2025-09-14 12:37:44.564286,"A timeless masterpiece, but better in autumnüóº

The Eiffel Tower is truly a breathtaking historical landmark. I‚Äôm still amazed that such a grand project was built back in 1889 and has been preserved so well to this day. As a historical monument, it‚Äôs nothing less than a masterpiece.

That said, I‚Äôd strongly recommend visiting in autumn or spring. We went in the summer, and the crowds were overwhelming ‚Äì it makes the whole experience less enjoyable.

We didn‚Äôt go up the tower itself, as all our friends who had visited before advised us against it. They said it wasn‚Äôt worth the long queues and the ticket price. Honestly, we enjoyed the tower much more from the outside and from other viewpoints in the city.

Another downside is the aggressive street vendors around the tower. Every few steps you hear ‚Äúbuy this, buy that‚Äù ‚Äî keychains, water bottles, T-shirts, photos. Honestly, it takes away from the magic of the place.

But despite this, the Eiffel Tower is one of those places you have to see at least once in your lifetime. Standing beneath it and realizing its history is truly unforgettable.",4.0,positive,,Dmytro Maliuk
2025-11-13 12:37:44.564293,"Visiting the iconic Eiffel Tower was one of the highlights of my trip to Paris!  We had a beautiful Fall day with lots of sunshine.  We went on a weekday and had to wait in line, but it was probably a shorter wait than it would have been on a weekend.  It was worth it!  We went to the top and the views were breathtaking!  We also had dinner in the Tower and it was exceptional.  Overall, it was an experience I will never forget.",5.0,positive,"food quality, ambience",Sharon Keyser
2025-12-22 12:37:44.564299,"Eiffel Tower, a wrought - iron structure located in Paris is a technological masterpiece in building histories.
It was designed and built during 1887 by Gustave Eiffel and then was named in his honor too.

Having a height of 1,083 feet, a  weight of 10,000 tons and revited by 2.5 million rivets, this wondrous scape became the entrance gateway to the International exposition in 1889.
It was erected in two years, with a small labor force and at a low cost.  Designed as a well lit, airy, strong structure, which pioneered a revolution in civil engineering.

It remarkably stands on four lattice girder piers. The glass cage machines were designed by the US Otis Elevator Company, which later became the main feature of the building.

Though, Modifications were made for further international expositions of 1900, 1925, and 1937 but Additions to the tower were made for television transmissions only wherein 66 feet were added to it's height.

The tower features a museum (which we were unable to see), restaurants, and a much talked about Eiffel‚Äôs Reception Room providing space for business conferences, cultural events, and social gatherings.
An observation deck is located just under the antenna, at 906 feet.

Proud to have actually been there to see it, feel the awesome greatness of this incredible fascinating structure and partaking a great view of the city.

Naturally, a ticket needs to be bought as per one's time slot. There are lifts to take you up, some shops to let you browse and to buy souvenirs for back home give-aways.",5.0,neutral,service,Neeru Das
2025-12-22 12:37:44.564306,"Nothing enough can be said for this historic, iconic and magnificent monument. Loved every bit of experiencing it throughout my Paris trip! You can go up without any lines in winter weekday evenings!",5.0,positive,ambience,Upma Sharma
2025-12-29 12:37:44.564312,"The place does have its own magic or charm. It will be crowded If you visiting in day light. At night will be less crowded and peace
Planning to go up, please buy ticket in advance.",5.0,positive,ambience,Nimai Agarwal
2025-10-14 12:37:44.564318,Love it. Worth the 30 minute wait in the queue. Took the lift to the top. Fabulous views. Glass of champagne is 24euros. But you can keep the plastic glass as a souvenir. It's tapered so you can't put it down. Was crowded so you have to be patient but amazing visit and definitely as must whilst in Paris,5.0,positive,"ambience, service",Leena Gale
2025-10-14 12:37:44.564324,"I just had the most incredible experience at the Eiffel Tower with VIP access! Skipping the long lines made everything effortless, and I could fully enjoy every moment without feeling rushed. The elevator ride itself is amazing, giving you a sense of the tower‚Äôs grandeur as you rise above the city.

Once at the top, the views are absolutely breathtaking ‚Äì the Seine winding through Paris, the Champs-√âlys√©es stretching toward the Arc de Triomphe, and the city‚Äôs landmarks unfolding in every direction. Being able to linger, take photos, and simply soak in the atmosphere made the experience truly special.

The tower‚Äôs architecture is stunning up close, and from the observation decks, Paris feels alive, endless, and magical. VIP access made it all seamless and comfortable, turning an iconic visit into a relaxed, unforgettable adventure. This was one of the highlights of my trip ‚Äì a breathtaking, once-in-a-lifetime experience I‚Äôll never forget",5.0,positive,"ambience, service",Louie Farhat
2025-10-14 12:37:44.564333,"Our very first visit to the Eiffel Tower was truly special and something we‚Äôll always remember as a family. Seeing this iconic landmark in person with my wife and our 3-year-old son was an emotional and exciting experience. No matter how many times you‚Äôve seen it in photos, standing in front of it is a whole different feeling‚Äîthe sheer beauty and elegance of the tower are breathtaking.

We chose to go in the evening, and it couldn‚Äôt have been more perfect. As the sun began to set, the atmosphere around the Eiffel Tower became magical. The tower looked stunning against the glowing sky, and when it started to sparkle for 5 minutes at the beginning of each hour, it felt like the whole crowd paused to admire it. Watching those golden lights twinkle was a sight that truly gave us goosebumps.

The area was filled with a lively and joyful crowd‚Äîtourists, families, and couples all enjoying the moment together. We spent time sitting in the gardens nearby, where our little boy could run around while we relaxed and soaked in the atmosphere. From there, we had a perfect view of the tower as it lit up against the evening sky.

It was such a beautiful family moment‚Äîpeaceful, yet filled with excitement from everyone around. The Eiffel Tower is not just a monument, but an experience. Sitting there together, watching it sparkle, made our first visit unforgettable and something we‚Äôll treasure forever.",5.0,positive,ambience,Gaurav Singal
2025-11-13 12:37:44.564365,"This was our second time visiting the Eiffel Tower, with our last visit around 15 years ago and it was just as magical as we remembered! This time, we brought our children for their first visit, and they absolutely loved it.

The 1st floor has a great atmosphere with several restaurants, including a nice pizza place, perfect for families or anyone looking for a quick, tasty meal. On the 2nd floor, there‚Äôs a coffee shop and a few small stores, great for a short break and souvenirs.

At the summit, you‚Äôll find a champagne bar and a truly breathtaking view of Paris especially if you go close to sunset. The view alone makes the visit unforgettable.

I‚Äôd highly recommend pre-booking your tickets online to save time. Take the lift to the summit first, then walk down each level to really enjoy everything the tower has to offer. It‚Äôs definitely much easier walking down than up!

Overall, a fantastic family experience and a must-do when in Paris whether it‚Äôs your first visit or a return trip after many years.",5.0,positive,"food quality, ambience",Remon
2025-10-14 12:37:44.564371,"üåü Eiffel Tower: Paris‚Äôs Crown Jewel That Never Gets Old üåü If you think the Eiffel Tower is ‚Äújust a tourist trap,‚Äù think again. This iron beauty is the Beyonc√© of landmarks‚Äîiconic, elegant, and always camera-ready. Whether you're sipping champagne at the summit or picnicking beneath its glittering gaze, every angle is a postcard waiting to happen.

üóº Pro Tips for Maximum Magic

üì∏ Visit at golden hour for photos that‚Äôll melt Instagram.

üéüÔ∏è Book tickets online to skip the lines and feel like a VIP.

üåÉ Stay for the sparkle show after sunset‚Äîit‚Äôs like Paris is winking at you.

üí¨ Final verdict: If you come to Paris and skip the Eiffel Tower, did you even Paris?",5.0,positive,ambience,Domenico Vitale
2025-11-13 12:37:44.564384,"The Eiffel Tower is one of the most iconic landmarks in the world. Built for the 1889 Exposition Universelle by engineer Gustave Eiffel, it was originally meant to be a temporary structure. Today, it stands as a global symbol of Paris and is one of the most visited monuments on earth.

I booked tickets online to reach the top floor of the Eiffel Tower. Online booking is the only way to get tickets, and it is highly in demand on both weekdays and weekends. It is important to book in advance and arrive on time.

After entering the premises, there is a security check to pass through. Depending on your ticket type, you can take the elevator or stairs to reach the second floor. From there, you get a beautiful view of the Paris skyline. If you have tickets for the top floor, you can continue by elevator or stairs to reach the summit.

There are no strict time limits once you reach the top. The top floor usually closes around 6 p.m. I recommend visiting close to sunset to enjoy the stunning views and unforgettable atmosphere.

If you are visiting Paris even once in your lifetime, this is a must see. I strongly suggest going to the top floor without worrying too much about the extra cost. It is absolutely worth it for the incredible experience.

Overall, a memorable and breathtaking visit that should not be missed!",5.0,positive,ambience,Arunbhaarat
2025-11-13 12:37:44.564396,"Great view from the top (actually 2nd floor is enough, don't have to go all the way to the top unless you want to pay extra, IMHO).  All that metal took 2 years 2 months amd 5 days to put together.  328 steps to the 1st floor, and probably the similar to the 2nd floor.  They do have bathrooms on the floors thankfully.  I feel I earned the right to take the elevator back down.
Make sure to buy online tickets in advance, they get booked up fast! Also having an e-ticket gets you into the fast line!",5.0,positive,service,Jay Kothari
2025-12-29 12:37:44.564409,A must see sightseeing if you visit Paris. Try to make the reservation before you go there and try to take the elevator ticket that takes you to the top. The experience from top floor is simply the best üëå!,5.0,positive,service,Ioannis Asprokoutelakis
2025-12-22 12:37:44.564415,"The Eiffel Tower is truly one of the most iconic experiences in Paris, and it absolutely lives up to the hype! The tower itself is breathtaking (especially at night), and there are so many vantage points around the area to capture the perfect photo‚Äîwhether you're standing beneath it, looking up at its intricate iron structure, or catching it from across the Seine. It's a photographer's dream!

That said, it‚Äôs definitely a super busy area, so if you‚Äôre planning to go up the tower, I highly recommend getting tickets in advance to avoid the long lines. I didn‚Äôt make it all the way to the top this time, but I‚Äôve heard the views from the summit are absolutely incredible, so that‚Äôs definitely on my list for next time!

My favorite part of visiting, though, is simply people-watching! There‚Äôs always so much going on around the tower‚Äîtourists, locals, street performers, and more. It‚Äôs a great place to just sit back, relax, and take in the atmosphere.

Overall, the Eiffel Tower is an essential stop when in Paris, whether you‚Äôre going up or just enjoying the view from the ground. It‚Äôs one of those places that never gets old!",5.0,positive,ambience,TCD
2025-12-29 12:37:44.564422,"Visited during one of the dreamy days of Paris, Dec 24 2025 on the Christmas eve.

Eiffel tower is so elegant and beautiful to witness. I wish everyone in the world is able to see this beautiful structure!",5.0,positive,ambience,Mukesh Srinivasan
2025-10-14 12:37:44.564431,"Visiting the Eiffel Tower was such a fun experience! I loved how it sparkles for about 5 minutes on the hour, such a magical sight. We checked it out from a few different viewpoints and each one was amazing. The whole atmosphere was very lively and full of good vibes.

A couple tips: I‚Äôve heard there are lots of pickpockets in the area (though we didn‚Äôt experience any issues), so it‚Äôs good to stay aware. Definitely wear comfy shoes since there‚Äôs a lot of walking, and maybe grab a crepe or coffee while you‚Äôre there. I also saw people bringing wine and just sitting to enjoy the view, which looked like such a nice way to soak it all in.",5.0,positive,ambience,Farnaz Arman
2025-10-14 12:37:44.564440,"It's a perfect place in a tourist sense but you have to be careful to pickpockets in crowded areas. Street sellers have high priceses but if you try you will get better prices. It was perfect in the night. The lights were amazing. You can easily find it from far places. Toilets were not good.
When you look at the big picture everything was perfect.",5.0,positive,cleanliness,Furkan √ñzkan
2025-12-29 12:37:44.564446,"It was a perfect climbing. I waited for 3 hours. But I haven't regreted. You must buy ticket for top of tower. Because, there is both waxwork of Mr. Eifel and amazing view. You can eat something in the restaurant and buy gift in Suevenir on the 2nd floor. You can drink campaign at the top of the tower. In short, you must go up Eifel.",5.0,positive,pricing,Ahmet √áakmak
2025-11-13 12:37:44.564453,"The tower is breath-taking and worth the wait. If you haven‚Äôt purchased the tickets in advance - that is okay! You can do so at the spot. We visited on sunday and we were still able to get them. The wait line was pretty much the same to go by lift or by stairs. Stairs are not scary or tough - I recommend it! We waited an hour to get on. October is probably not the peak of the season as it was not THAT crowded. You need a bit of patience though! But for a summit visit, you MUST book in advance. Loved the view and the architecture!",5.0,positive,pricing,Alja Kraj≈°ek
2025-11-13 12:37:44.564458,"What a beautiful view. Going to the top was amazing. You got to take your time. You got to buy expensive champagne and enjoy yourself.
Going down to the second floor where the restaurants and the gift shops are is a must do also. They have a cafe. They have a high-end restaurant. They have seeding for you just to sit and enjoy the view.",5.0,positive,ambience,Jesika Downs
2025-10-14 12:37:44.564464,"Being up there is like a dream! Lots of fun and most people are just happy to be there! You can also buy drinks up there! I had like four glasses of wineüëπ. HOWEVER! Don‚Äôt even waste your time trying to eat at the restaurant. The hostess is delightful, but the servers are obviously unhappy with their existence. I‚Äôm willing to pay the prices and these people don‚Äôt want to serve me? Come on! ALSO! Buy a drink at a restaurant and use the bathroom before heading there. The bathrooms there are outrageous! So many people, and if you speak English, overweight French people will yell at you! Girl I am just in line to use the bathroom! What did I do to you?üòÇ Just tell them you don‚Äôt understand and walk awayü•∞.",5.0,negative,staff,AJ M
2025-11-13 12:37:44.564473,"Truly mesmerising structure! And this was made in 1889! Loved the place and the lift to the top
Beautiful view of Paris from the top! Also need to see it during the day and again at night when it's lit up! Post 7pm every hour or also sparkles, which makes it the most beautiful thing in Paris!",5.0,positive,ambience,Dinyar Mistry
2025-12-29 12:37:44.564478,"Classic. The view doesn't get old. You get a sense of the whole city.

You feel so small once you go close to the tower. Pictures don't do justice. You just have to be there.",4.0,negative,ambience,Oluwatimileyin Adedigba
2025-12-22 12:37:44.564485,"Can you really go to France and not go to the Eiffel Tower?  To miss a visit to the Tower is to miss out.
You can go into the grounds for free but will need to go through security, and it will cost you to go up the Tower itself - but it is so very worth it.  You have the option to go halfway up or you can pay a little extra and go all the way to the very top, although expect to wait in line a while as the lifts to the very top are quite small and the queues are long.
Once you are at the top it's clear to see it was worth it. There are both indoor and outdoor viewing points, a very small champagne shop, and (thankfully) a toilet.
My words will never do it justice so I highly recommend paying a visit.

GOOD üëç
It's an iconic landmark with amazing views.

BAD üëé
Does get busy and isn't cheap. But did you really expect it to be otherwise?",5.0,positive,"pricing, service",Mike Naylor (Chief)
2025-12-22 12:37:44.564492,"Definitely a must-do in Paris. Bought 1700hr ticket to top floor from official website. Going through security was a breeze. No queue. Queue for elevator to 2nd floor 5 min. However, expect longer time for elevator to top floor. We queued for about 15-20min. All effort was worth it for the views. Highly recommended.",5.0,positive,service,Vincern Tan
2025-09-14 12:37:44.564499,"A masterpiece in city of Romance!!! Busy as we went during the summer holidays but nice area to relax with a picnic.

Be careful as there is a lot of folks walking around to pick pocket and also pester tourists.

You must visit and enter the tower. Lovely views when near by and just impressive to visit.",5.0,positive,ambience,nure SK
2025-09-14 12:37:44.564504,"The Eiffel Tower is absolutely magical both during the day and at night. In the daytime, the views from the top are breathtaking.  Paris stretches out in every direction, and it‚Äôs worth every step of the climb. My young kids managed it easily, so don‚Äôt be put off, it‚Äôs very doable for families. The tickets are great value too! only ‚Ç¨14.50 for adults and ‚Ç¨7 for children. For such an iconic landmark, that‚Äôs fantastic!

At night, the Eiffel Tower transforms into something truly spectacular. Every hour, on the hour, it sparkles for five minutes, and the sight is unforgettable, like something out of a fairytale. Standing beneath it while it twinkles is one of those ‚Äúwow‚Äù moments you‚Äôll never forget.

Highly recommend visiting both by day and night. It‚Äôs an absolute must when in Paris!",5.0,positive,,Nyasha Drinkwater
2025-11-13 12:37:44.564513,"visiting the Eiffel Tower is an extraordinary experience. Beyond being an iconic symbol of Paris, it represents a masterpiece of 19th-century engineering and design innovation. The use of exposed iron structure, precision in detailing, and elegance in proportions make it both a technical and aesthetic triumph. Standing beneath it, you can truly appreciate how revolutionary Gustave Eiffel‚Äôs vision was for its time. The panoramic views from the top are breathtaking, but equally impressive is observing the tower‚Äôs structure up close, it‚Äôs a lesson in structural clarity, material honesty, and timeless design. A must-see not just for tourists, but for anyone who appreciates architecture and engineering excellence.",5.0,positive,"ambience, delivery",Mr. Farnood
2025-11-13 12:37:44.564519,"Visiting the Eiffel Tower was truly one of the most unforgettable moments of my life. Seeing this world-famous landmark in photos is one thing, but standing right beneath it is a completely different experience it genuinely takes your breath away. From the moment I arrived, I was amazed by its incredible architecture and the feeling of history and romance that surrounds the entire place.

I visited in the late afternoon, and it was the perfect time. Watching the sunset over Paris from the top was magical the whole city slowly lit up as the golden light faded, and then suddenly, the tower began to sparkle with thousands of twinkling lights. The atmosphere was filled with excitement; people were cheering, taking photos, and simply admiring the view in silence.

The view from the top is something I‚Äôll never forget. You can see all of Paris the Seine River winding through the city, the Louvre, Notre Dame, and the charming rooftops stretching out in every direction. The lift ride itself was smooth, and everything was well-organized. The staff were polite and helpful, guiding visitors kindly even though it was quite crowded.

There are small caf√©s and souvenir shops inside where you can grab a coffee or a light snack, which makes the experience even better. I also loved walking around Champs de Mars Park afterward it‚Äôs one of the best spots to take photos of the tower, especially at night when it sparkles every hour on the hour.

Overall, the Eiffel Tower truly lives up to its reputation. It‚Äôs not just a monument it‚Äôs a symbol of beauty, art, and human creativity. Whether you visit during the day or at night, it leaves you with a sense of wonder and appreciation for Paris. I would absolutely recommend every traveler to visit at least once in their lifetime.",5.0,positive,service,Misran
2025-11-13 12:37:44.564528,"We hadn't made an appointment, but climbing the tower was still easy. We bought tickets to the top. The elevator stopped on the second floor, allowing us to explore. Then we took the elevator back up. At the top, the view was quite beautiful, with autumn colors, the Seine River, the ferry ride, and the city views.",5.0,positive,service,N cam
2025-10-14 12:37:44.564534,"Visiting the Eiffel Tower was truly unforgettable! The structure is even more breathtaking in person than in photos. From the moment you arrive, the atmosphere feels magical ‚Äî the gardens are well-kept, the staff is friendly, and everything is organized for a smooth experience.

The views from the top are absolutely incredible. You can see all of Paris laid out before you: the Seine, the Arc de Triomphe, and endless charming rooftops. Whether during the day with clear skies or at night when the tower sparkles, it‚Äôs a sight that makes you fall in love with the city all over again.

I highly recommend booking tickets in advance to skip the long lines and give yourself time to enjoy a leisurely visit. The restaurants nearby and inside the tower are also worth trying if you‚Äôd like to make the most of the experience.

A must-see landmark that completely lives up to its reputation. Paris wouldn‚Äôt be the same without it!",5.0,positive,service,Violina Pesheva
2025-11-13 12:37:44.564540,"Amazing! The history behind the tower is pretty interesting to learn about.
We went on a weekday in October and there was no waits for anything. It was still busy but much easier to manage than in summer. A lot less pickpockets too.",5.0,positive,,Matt Toews
2025-12-22 12:37:44.564545,"The Eiffel Tower did not disappoint. Grab a beret and a baguette and look closer than the postcards. From far away, the tower seems light and decorative, but up close it feels strong and precise. The iron ‚Äúlace‚Äù is not decoration. It is the structure itself. Every curve and crisscross helps the tower stand tall against gravity and wind.

Gustave Eiffel designed the tower with wind in mind. As the tower rises, it becomes narrower because strong winds hit higher levels with more force. The curved shape lets wind pass around it instead of pushing straight against it. This design choice is why the tower has survived storms for more than a hundred years.

One of the most interesting features is that nothing is hidden. The iron beams, joints, and rivets are all visible. Over 18,000 iron pieces are held together by millions of rivets, allowing the tower to expand and contract as temperatures change. Even the elevators follow the curve of the legs instead of moving straight up. The Eiffel Tower proves that smart engineering can be beautiful without trying to be fancy.",5.0,neutral,,Andrew Peluso
2025-10-14 12:37:44.564552,"The iconic Eiffel Tower is the most photographed structure in the world.  We visited on a weekday between rain showers on a windy night and still had a great time.  I'd suggest you buy tickets in advance and consider going when it's raining or in the evening before closing time as there's much less people.  Be absolutely sure what type of ticket your purchasing and make sure you're buying the ticket from the official website.  Double check the ticket is for 1st, 2nd or Top floor access.  Don't walk up the stairs to the 2nd floor unless you're in good shape for 600+ outdoor stairs.  (Even walking down the stairs is taxing on the legs.)  We noticed the elevators were always completely filled, so watch your belongings and children.  There's limited seating under and around the Tower and very limited rain/weather cover so bring a jacket if the weather is a concern.  Also, the temperatures and wind on the top will be different from ground level.  Expect it to be cooler and windy.  And definitely use the restroom before you go up the Tower.  Be mindful of your surroundings and watch your valuables transiting to/from the Tower area.   And finally, taxis usually que up on the major roads surrounding the Tower.",5.0,positive,ambience,M R
2025-09-14 12:37:44.564561,"One of my favorite stops during my family's vacation.  The history, experience, and beautiful view absolutely wonderful. If you're ever vacationing in Paris it's a must see tourist location.  You can walk up the tour or take the lift. Enjoying an absolutely amazing view of the city. I would definitely recommend the experience.",5.0,positive,ambience,Keysha Dean
2025-10-14 12:37:44.564567,"Going to the top of the Eiffel Tower was neat, but the process could be better organized. They don't allow you in until your scheduled time, so you are in li e a while, even past your time, no problem.  You get on the elevator. When it stops, you are not to the top. You are told to get out and get in another line to go to the top. You are in a line with everyone else waiting to go up, no matter what time you were scheduled to go up. We waited about 30-45 minutes in that line. The views were wonderful, though! We got some great photos, despite the not so great weather.",5.0,positive,"ambience, cleanliness",Gina L
2025-11-13 12:37:44.564572,"This is the most authentic sights in Paris. You had better to come here in workday, because the waiting queue is very long in every time. We have gone there on sunday evening and we had to wait to reach the top about 2 hours. But the view is amazing from the top of the tower. In every hours for 5-10 minutes the lights are blinking. You must see it. You had better to buy the tickets in advance.",5.0,positive,service,Viktor Moln√°r
2025-11-13 12:37:44.564577,"The Eiffel Tower is one of the most iconic landmarks in the world, and seeing it in person is an unforgettable experience. The atmosphere around it is lively, and the view from the top is absolutely breathtaking, especially at night when the lights sparkle beautifully across Paris. A must-visit for anyone traveling to France!",5.0,positive,ambience,Ahmad Barboud
2025-11-13 12:37:44.564583,"The Eiffel Tower is one of the most iconic and breathtaking landmarks in the world, and visiting it is an unforgettable experience. Standing tall in the heart of Paris, it perfectly captures the city‚Äôs elegance and romantic atmosphere. From the moment you see it rising above the skyline, whether in the daylight or beautifully illuminated at night, it‚Äôs impossible not to be amazed by its architectural beauty and historical significance.

Climbing or taking the elevator up the tower offers spectacular panoramic views of Paris you can spot famous sites like the Seine River, the Louvre, and Notre-Dame Cathedral. Each level has something special to offer, from scenic viewpoints to charming caf√©s and souvenir shops. Watching the sunset from the top is simply magical, as the city lights begin to twinkle below.

At night, the Eiffel Tower transforms into a dazzling spectacle, sparkling every hour with thousands of lights, creating one of the most romantic and memorable sights in the world. The surrounding Champ de Mars gardens and Trocad√©ro area are perfect for relaxing, taking photos, or enjoying a picnic while admiring the tower‚Äôs beauty.

Whether it‚Äôs your first visit or your tenth, the Eiffel Tower never loses its charm. It‚Äôs a masterpiece of engineering, a symbol of love and culture, and a must-see highlight of any trip to Paris!",5.0,positive,ambience,lg G
2025-10-14 12:37:44.564592,"I visited the Eiffel Tower in the evening to watch the sunset. The view was absolutely stunning as the sun slowly disappeared behind the Paris skyline, painting the sky in warm colors.

After enjoying the view, we stopped at the caf√© on the first level for coffee and a light snack. Sitting there, surrounded by the soft evening breeze and the sound of people chatting, made the experience even more special.

We spent about an hour and a half on our way down, taking our time to explore each level and enjoy the changing perspective of the city as the lights came on. Watching the Eiffel Tower sparkle against the night sky was the perfect ending to a magical visit.",5.0,positive,ambience,Hania216
2025-12-15 12:37:44.564598,"We visited the Eiffel Tower on a weekday, and it was easily one of the most enjoyable ways to experience Paris‚Äôs most famous landmark. Because it wasn‚Äôt a weekend, the area felt noticeably less crowded, which made everything calmer ‚Äî more space to walk, easier to take photos, and a much more relaxed atmosphere overall.

Instead of focusing only on going up the tower, we spent most of our time enjoying the surrounding area, and that turned out to be the best part for our family. Walking around the Champ de Mars and the nearby paths gave us so many beautiful angles of the tower without feeling rushed. We took our time, paused often for family photos, and just enjoyed the moment ‚Äî watching the tower rise above the city while the Paris life moved around us.

The vibe on a weekday is also different: fewer tour groups, less noise, and it feels more like you‚Äôre seeing the Eiffel Tower as part of everyday Paris rather than a crowded tourist rush. We strolled, admired the views, and enjoyed the fresh air and the scenery, which made it feel like a proper Paris memory rather than a quick checklist stop.

If you‚Äôre planning to visit, I highly recommend going on a weekday and giving yourself time to explore the area around it. Even without rushing into a big itinerary, simply being there ‚Äî walking, taking pictures, and soaking in the atmosphere ‚Äî is already an unforgettable Paris experience.",5.0,positive,ambience,Iroshan
2025-09-14 12:37:44.564611,"The Eiffel Tower is truly iconic ‚Äì a symbol of Paris that‚Äôs just as beautiful in person as it is in photos. Whether you're viewing it from the nearby gardens or enjoying it from underneath, it‚Äôs an unforgettable sight.

The area around the tower is lively and full of great spots to take pictures.

Even without going up, just being near the Eiffel Tower is an experience in itself.
It is so impressive.
Definitely worth a visit if you're in Paris!",5.0,positive,ambience,Ewest
2025-09-14 12:37:44.564617,"Amazing experience visiting the Tower! We explored all levels with a fantastic guided tour that brought the history to life. The views were breathtaking, and every level had something unique to offer. The guide was informative and engaging, making the visit even more memorable. Everything was well organized and smooth from start to finish. Highly recommend for anyone visiting the region!",5.0,positive,service,Salman Saeed
2025-10-14 12:37:44.564622,"The Eiffel Tower is the true symbol of Paris and one of the most breathtaking landmarks in the world! The panoramic view of the city is unforgettable, especially at sunset and at night when the tower sparkles with thousands of lights. The atmosphere is magical, and you can feel the spirit of Paris in every detail. A must-visit at least once in a lifetime!",5.0,positive,ambience,Oleksandra Starynets
2025-11-13 12:37:44.564628,"It's true - The city of love.. üíñ Paris Eiffel üóº. There was a wait time of 30-40 min, even if you have purchased ticket in advance to climb the tower.
After tower visit you can also walk into the gardens for a nice photos.
The lights will be turned on usually when it gets darker.
And every 1 hour for 5 minutes the glitter ü™© lights also turned on..",5.0,positive,"ambience, service",Aravinth
2025-11-13 12:37:44.564633,"Probably one of, if not my favourite touristy landmark on the planet. It's so amazingly grand and imposing no matter where you see it from. All the metalwork looks incredible! I took the staircase up and down, which was a great climb. You're then treated to amazing views of the entire Paris skyline. The parks beneath are also incredibly well kept, and contribute to the tower feeling larger than life.",5.0,positive,"cleanliness, ambience",Perth2Go . au
2025-09-14 12:37:44.564638,"Absolutely loved this expedience! Just as magical as i had imagined it.
the weather was a bit windy but it was fine! I recommend wearing a coat if the weather is a little cool!

We took the lift to the second level and had the most beautiful view!
So romantic. Can‚Äôt wait to go back",5.0,positive,service,Angie B
2025-11-13 12:37:44.564644,"Beautiful monument. But the climb is not worth in case you want to see the Paris from up above? Then, you can book the tickets for it.Else no need to book any ticket.
In the night, there is a light show in which they sparkle. They complete tower every hour, which is a must see thing.",5.0,positive,"ambience, pricing",Sourabh Tripathi
2025-11-13 12:37:44.564649,"The Eiffel Tower is honestly breathtaking, and it truly deserves a place among the modern wonders of the world. Whether you see it glowing under the sun or shining beautifully under the moon, it completely pulls you in. During the day, this massive and intimidating tower rises higher than your eyes can follow and demands attention from every single angle (and trust me, it does not have a bad side). But at night, that is when the real magic hits. Covered in thousands of golden lights, it becomes absolutely hypnotizing. I was completely mesmerized standing under it after dark, and I couldn‚Äôt look away no matter how hard I tried. And forget the pictures and videos you‚Äôve seen online because they don‚Äôt even come close. Do yourself a favor and go see it in person. You and the people you love deserve that experience. Honestly, even five stars feels like an insult because it is just that beautiful.

I didn‚Äôt make it all the way to the top, and honestly, it didn‚Äôt matter. Just standing on the ground and looking up at it towering over me left me completely speechless. It makes you feel tiny and humbled but also inspired in a way that is hard to explain. The Eiffel Tower is not just something to check off a travel list, it is an experience you have to feel for yourself. Go see it, stand beneath it, and let it blow your mind because five stars will never be enough to describe how extraordinary it truly is.",5.0,positive,service,Omar L
2025-12-22 12:37:44.564655,"Beautiful, stunning, must-visit. Don‚Äôt stop at just viewing the Eiffel Tower from far, make sure to climb it as well. It got a bit chilly in November, but the view was one to remember.

We took the elevator up but descended down the stairs for the experience. Was it worth it? Not quite sure. But it was very enjoyable overall.",5.0,positive,ambience,Jaemin Kim
2025-11-13 12:37:44.564664,"Breathtaking, magnificent, and truly a sight to behold. We absolutely loved every moment taking it in. The best viewing spot we found was off 11 Av. de la Bourdonnais, 75007 Paris ‚Äî perfect for photos and enjoying the tower in all its glory. A must-see experience that captures the magic of Paris!",5.0,positive,ambience,Benjamin ‚ÄúBK‚Äù Kenney
2025-10-14 12:37:44.564669,"The Eiffel Tower is more than just a landmark; it's the symbol of Paris and an engineering marvel that truly lives up to the hype. Yes, it will be crowded, and yes, it requires planning, but the experience is 100% worth it.

The experience is what you make it. You can simply admire its intricate ironwork from the Champ de Mars gardens with a picnic (a fantastic free option), or you can ascend to the top for breathtaking, unparalleled views of Paris.

Here‚Äôs what to expect:

¬∑ The Views: Absolutely spectacular. Seeing the city layout from above, with the River Seine winding through the streets and monuments like the Arc de Triomphe and Sacr√©-C≈ìur in the distance, is unforgettable. The second level offers the best balance for photos. The very top is a unique, thrilling experience, though the views are naturally more panoramic than detailed.
¬∑ The Structure: Being on the tower itself is awe-inspiring. Looking down through the glass floors or just feeling the scale of the ironwork up close is incredible.
¬∑ The Atmosphere: There's a palpable buzz of excitement from visitors from all over the world. It's especially magical at night when the tower sparkles for five minutes on the hour, every hour.

A few tips for a better visit:

¬∑ BOOK TICKETS ONLINE IN ADVANCE! This is the most important advice. Queues for tickets can be hours long. Pre-booking a timed slot saves an immense amount of time and stress.
¬∑ Consider the stairs. If you're able, taking the stairs to the second floor is often faster, cheaper, and offers a unique, up-close perspective of the structure.
¬∑ Go at different times: Sunset is a popular time for a reason ‚Äì you get to see the city in daylight, at golden hour, and then lit up at night. But early morning can be less crowded.
¬∑ Security check: There is a security check to enter the plaza, so expect a queue even with pre-booked tickets.

An essential Parisian experience. It‚Äôs busy, it's touristy, but it's also magnificent and unforgettable. Plan ahead, be patient, and prepare to be amazed.
¬∑ Unforgettable, iconic views of Paris
¬∑ Historic and engineering masterpiece
¬∑ Magical atmosphere, especially at night
¬∑ Different ticket options (stairs vs. elevator) to suit your budget",5.0,positive,,Taimoor
2025-09-14 12:37:44.564678,"I recently visited the Eiffel Tower and it absolutely lives up to the hype ‚Äî it‚Äôs enormous and breathtaking in person. Seeing the iron lattice rise into the sky is one thing in photos, but standing beneath it and looking up at the structure that soars about 330 meters (roughly 1,083 feet) is an unforgettable sensation. The scale and engineering are phenomenal, and the views from the platforms are spectacular.

The area around the tower is just as charming. Classic Parisian buildings, broad promenades and the manicured lawns of the Champ de Mars give the whole spot a timeless, romantic feel. From the elegant Haussmann-era fa√ßades nearby to the vista across the Seine toward Trocad√©ro, the surrounding architecture makes wandering the neighborhood a joy ‚Äî perfect for photos, relaxed strolls, and soaking in Parisian atmosphere.

It‚Äôs also a very popular place, so expect big crowds; people from all over the world gather here to admire the monument and take in the scenery. Because of that volume of visitors, be mindful of your belongings. Pickpockets operate in crowded tourist spots, and there are street hustles and game scammers who may try to distract you or pressure you into playing quick ‚Äúgames‚Äù that aren‚Äôt fair. Keep bags zipped and close, avoid carrying valuables in easily accessible pockets, and politely decline invitations from anyone hawking games or insisting you join impromptu activities.

All that said, the Eiffel Tower is a must-see ‚Äî its sheer size and the beautiful historic surroundings make it an iconic Paris experience. With a little common-sense vigilance, you can fully enjoy one of the world‚Äôs most impressive landmarks.",5.0,positive,ambience,Jorge Alma
2025-08-15 12:37:44.564684,"Amazing experience visiting the Tower! We explored all levels with a fantastic guided tour that brought the history to life. The views were breathtaking, and every level had something unique to offer. The guide was informative and engaging, making the visit even more memorable. Everything was well organized and smooth from start to finish. Highly recommend for anyone visiting the region!",5.0,positive,service,Frank Adrian Martinez Asilda
2025-12-29 12:37:44.564690,It‚Äôs the most iconic place in Paris. This tower is the most beautiful and magnificent architecture icon. Everytime when I see this architecture tower I fall in love. That‚Äôs why I love Paris üá´üá∑ Merci Gustave Eiffel designed that !!,5.0,positive,staff,ƒ∞layda Karimca
2025-10-14 12:37:44.564696,"Strange to be in such an icon. If you can, be there on a more interesting day than blue skies. The view rewards you with drama, and the crowds are fewer.
Ascent by mix of stairs and lifts.
It is typically very windy at the top, be prepared. And there can be long queues to get up there. Better out of summertime.
Eateries on the lower floors, but very expensive, though some more reasonable prices are in sandwich bars.
So, some of the best views of Paris, but when you look out, there‚Äôs no Eiffel Tower to see to remind you you‚Äôre in Paris. I think I prefer being on the outside looking in.
Especially, enjoy the view from the Trocadero at night. Much better.",4.0,positive,ambience,1000thousand Steps
2025-12-29 12:37:44.564702,"Wow, it is a must when you visit Paris. We did the lift to the top and it was worth very dollar. We did the 1030 session which was perfect with a lack of people. By the time we got down it was a little crowded. We went back at night for the lights and it was crowded.",5.0,positive,ambience,Daniel
2025-12-22 12:37:44.564708,"We had the 9:30‚ÄØam ticket slot, and you‚Äôll need to go through security screening before entering the tower. Taking the lift to the summit was honestly the best decision‚ÄîI didn‚Äôt have to tire myself out walking up, and I could just enjoy the view right away. From the top, you can choose to come back down either by stairs or by lift, so it‚Äôs really flexible depending on how you feel.

There was a short wait for the lift, it moved fairly quickly. I definitely recommend getting your ticket in advance to save time.",5.0,positive,service,Lyn Lee
2025-11-13 12:37:44.564714,"I dreamed about visiting the eiffel tower ever since I was a little girl, and it absolutely lived up to the hype. It is positively huge in person. Walking up the stairs was not very difficult and the views were incredibly rewarding. I would do it again many times. I came to see the tower all 4 days of my Paris visit because it truly is that stunning in person. An absolute dream come true!",5.0,positive,ambience,Lexi W
2025-11-13 12:37:44.564719,"Free and Fascinating Visit to the Eiffel Tower Grounds

Improved Review:
No tickets needed ‚Äî free access to the Eiffel Tower grounds is available! After passing a quick security checkpoint, you can stroll through the lovely gardens and ponds while taking in the view of this iconic landmark.

At the center of the structure, you‚Äôll find a QR code that activates an AI version of Gustave Eiffel, sharing fascinating historical insights about the tower‚Äôs major milestones ‚Äî a fun and educational touch!

The area is wheelchair accessible and includes public restrooms. It stays open until 11 PM, with several restaurants, souvenir shops, and snack stands nearby. You can also purchase tickets on-site to reach the middle or top levels for a full experience.

A must-see and easy stop in Paris!",5.0,positive,,Henri T. De Souza
2025-10-14 12:37:44.564728,"The Eiffel Tower is definitely worth experiencing at least once‚Äîit‚Äôs an incredible landmark and going up offers amazing views of Paris. That said, it‚Äôs extremely busy, so be prepared for crowds and lines. Still, the atmosphere and the perspective from the top make it a memorable stop.",5.0,positive,ambience,Griffin Puc
2025-08-15 12:37:44.564734,"It's as good as you imagine.
Impressive view, have a picnic in the gardens around to take it all in.

The best way to get tickets is online. Try at different times as some times some new tickets to the top come up.
36‚Ç¨ but totally worth it, astonishing view!",5.0,positive,service,Luis David Garc√≠a D√≠az
2025-12-29 12:37:44.564743,"Had a great experience with my boyfriend here visiting the Eiffel tower for the first time!

At first it seemed like there were no tickets left to the highest top of the tower but we decided to still give it a try and ask if there somehow were few tickets available and then for our luck we got the tickets!

It really made our evening even better and was definitely worth it to visit there, the views at the top were incredible! And the price for us was only about 14‚Ç¨ per person being under the age of 24üëç",5.0,positive,pricing,uma yakinlar
2025-09-14 12:37:44.564749,"Amazing place to visit. If your in Paris mate this the place to go. We used the Big Bus company tour bus to get about and visit all the iconic place like Eiffel Tower.

The lift experience is great, a d super views from each of the levels. Be sure to visit level 1, glass floors and great pop up gardens",5.0,positive,"ambience, service",Dave Cooke
2025-11-13 12:37:44.564754,"If your goal is to photograph or enjoy the Eiffel Tower rather than climb it, here‚Äôs some good news ‚Äî you don‚Äôt need a ticket to have an amazing experience! Some of the best views are actually outside the tower itself, and they‚Äôre completely free to access.

---

üì∏ Why You Don‚Äôt Need a Ticket

No ticket or queues: You can skip the long lines and elevator waits ‚Äî just find a great vantage point and shoot freely at your own pace.

Famous external photo spots: Excellent views from nearby streets include Rue de l‚ÄôUniversit√©, Rue de Buenos-Aires, and Avenue de Camo√´ns ‚Äî all well-loved by professional photographers and Instagram travelers.

Flexible timing: Without a set ticket time, you can visit at sunrise, golden hour, twilight, or late night to capture the Tower under different moods and lighting.

Budget-friendly: You save both money and time, focusing purely on the atmosphere and the view.

Perfect for casual visitors or photographers: If your goal is the Eiffel Tower in your frame, not from its top, this approach is ideal.

---

‚ö†Ô∏è Things to Keep in Mind

No interior access: You‚Äôll miss the inside structure and the panoramic city views from the top ‚Äî this experience is purely from the outside.

Crowds at popular spots: Iconic areas like Trocad√©ro and Rue de l‚ÄôUniversit√© can get crowded, especially at sunset, so patience helps.

Lighting is key: For the best shots, plan your timing ‚Äî morning light offers soft tones, while sunset provides warm golden hues.

Not entirely ‚Äúsecret‚Äù: Many of these locations now appear in travel guides and social media, so expect other photographers too.

Plan some time: You‚Äôll still spend time walking or taking transport to reach the best angles, so schedule accordingly.

---

üí° Pro Tip

For the most unique and crowd-free shots, arrive just after sunrise or visit during the blue hour (after sunset) ‚Äî the Eiffel Tower‚Äôs golden illumination against the evening sky is unforgettable.",5.0,positive,ambience,Yaduveer Singh
2025-09-14 12:37:44.564763,"Seeing the Eiffel Tower during the day was cool, but  nothing prepared me for the magic of seeing it at night. It's truly a different experience. The hourly sparkles and glittering lights was breathtaking. One of the most beautiful sights I've ever seen. Absolutely unforgettable!",5.0,positive,ambience,Taye O
2025-12-22 12:37:44.564769,"I visited the Eiffel Tower in early November and highly recommend going during the evening and staying through the night to witness the magical sparkle lighting. It was truly breathtaking and added a special charm to the experience. We booked a Seine River cruise along with the Eiffel Tower visit, which made the trip even more memorable. Having a guide helped us understand the rich history and fascinating stories behind this iconic landmark. Overall, it was a beautiful and well-organized experience that I would strongly recommend to anyone visiting Paris.

You can get beautiful Eiffel Tower keychains and memorable miniature towers at great prices during the closing hours. üòä",5.0,positive,ambience,Balamurali T
2025-10-14 12:37:44.564782,"Here the Eiffel tower from different point of view of the city. For sure, very important monument in Paris which give personality and actitude to the city. Is a most to see from down of the tower and different places as Trocadero, boat, champ of mars, etc everywhere. I hope you enjoy my pictures.",5.0,positive,ambience,Oscar
2025-12-22 12:37:44.564787,"No Doubt the Number One Attraction in Paris.

I must say that the beauty of Tower in night is far more prettier than in day time. In the day time it just looks like a gigantic Iron Structure only.",5.0,positive,ambience,Gaurang Prajapati
2025-08-15 12:37:44.564793,"Awesome place to visit no doubt. I would recommend buying the ticket online in advance though. We had to wait for quite some time in line and the summit was closed when we were standing in line. They close the top floor tickets intermittently. So beware. Also, if you are in a group then you all need to be present while purchasing the ticket.",5.0,positive,service,Sumit Mundhada
2025-11-13 12:37:44.564799,"Great view, tickets not expensive, you can buy them on site price depending on whethwr you want to be brave and take all the stairs to the top or pay extra and ride the elevator. There is a line, depending on peak season or not that's how long will take. Bathroom in every level and snacks also.",5.0,positive,pricing,Mari Alma
2025-11-13 12:37:44.564804,"We had a great guide (Natali) that enabled us to skip the line. Your bags will be screened twice like at airports so no metal objects, padlocks, knives  scissors, etc allowed. The views are amazing but on 2nd level it gets very cold & windy. We took the Funicular lift & then stairs down later. Plenty of free time up there too.",5.0,positive,service,Brian Henwood
2025-09-14 12:37:44.564810,"I've been looking forward to seeing it more than any other place but it was so crowded that I couldn't go up. I visited during the weekend and a day before the national day so many photo spots around the tower were closed. I took pictures outside instead. The best thing about it, is how it's visible from any street in the surrounding area. I'll go again next time to go up and see the view.",4.0,neutral,ambience,nora shoieb
2025-10-14 12:37:44.564815,"‚ú® Visiting the Eiffel Tower for the first time was such a special experience. It‚Äôs even bigger and more impressive in person than I imagined ‚Äî truly a symbol of Paris that takes your breath away the moment you see it. During the day, the view of the tower is stunning from every angle, but at night it becomes even more magical.

Starting at 9:00 pm, the tower sparkles with lights every hour, and it‚Äôs honestly one of the most beautiful sights I‚Äôve ever seen. Standing there and watching it glitter against the night sky felt unforgettable, a real ‚Äúwow‚Äù moment. The atmosphere around the tower is also lively and full of energy, with people gathering just to enjoy the view.

üí° My tip would be to arrive a little early before the first sparkle show at 9:00 pm so you can find a good spot to watch. If you go up the tower, the views of Paris are breathtaking both day and night.

üá´üá∑ Overall, the Eiffel Tower is everything you expect and more, iconic, beautiful, and a must-see when in Paris. üóº‚ú®",5.0,positive,ambience,Dina Shabsough
2025-09-14 12:37:44.564821,"Visiting the Eiffel Tower was an absolutely unforgettable experience! The sheer beauty and grandeur of this iconic landmark left me amazed from the moment I saw it. Whether you‚Äôre standing at the base admiring its incredible structure or taking in the breathtaking panoramic views of Paris from the top, it truly feels magical.

The atmosphere is vibrant both during the day and at night, especially when the tower sparkles with its famous light show. It‚Äôs not just a monument‚Äîit‚Äôs a symbol of Paris and a must-see for anyone visiting the city.

I highly recommend adding the Eiffel Tower to your itinerary. It‚Äôs an experience that will stay with you forever!",5.0,positive,ambience,Ayat Tadjalli
2025-11-13 12:37:44.564829,"We had an amazing time here. We booked tickets to the top via Gambi tours and our host Kenny was lovely. She shared much information, paid close attention to her guests and was very friendly. Knowledgeable but also funny and lighthearted.

I have visited the Eiffel Tower before but this was the first time to the top and to me it was worth it. Thanks to our tickets it all went super fast and we had plenty of time to walk around and take in the views. Buy tickets beforehand, especially if you want to go to the top.

I also very much recommend to watch the light show in the evening. Every full hour when it‚Äôs dark. Watch your stuff, lots of pickpockets active in this area",5.0,positive,service,Danielle van Manen
2025-12-29 12:37:44.564835,"Visiting the Eiffel Tower and seeing the view from the top is amazing; the Paris skyline is truly impressive. However, the area around the tower is very crowded, and the street vendors can be annoying. Some are quite pushy, which can make the area feel less safe. For a calmer photo, it‚Äôs better to take pictures from nearby neighborhoods or Trocad√©ro. Watching the lights blink in the evening is beautiful, but you need to be careful of the silly or disruptive people around.
Don‚Äôt get your caricature drawn ‚Äî it‚Äôs overpriced and won‚Äôt really look like you! üòÖ",4.0,positive,ambience,√úmit Tekin
2025-09-14 12:37:44.564841,"The Eiffel Tower is truly a must-visit landmark in Paris. I highly recommend going to the top floor in the evening, where the panoramic view of the entire city is simply breathtaking. Exploring this iconic piece of history is an unforgettable experience. During my 15-day stay in Paris, I visited four times ‚Äî and each visit felt just as remarkable as the first. It‚Äôs an attraction that never loses its charm.",5.0,positive,ambience,betty eshete
2025-12-29 12:37:44.564849,"I did not go inside the towere. Its beautiful at night,  the sparkling light shower lasts minutes beginning of every hour. The vendors try to take your ""professional"" photo shoot are a bit of nagging tbh!",5.0,neutral,ambience,thagishu tharau
2025-08-15 12:37:44.564856,"The Eiffel Tower is an iconic Paris landmark, built in 1889 for the World‚Äôs Fair and standing 330 meters tall with stunning iron lattice design. As a must-visit, it offers breathtaking panoramic views of the city from its three levels‚Äîfirst at 57m, second at 115m, and summit at 276m. The experience is magical, especially at night when it sparkles every hour on the hour until 1am.
History buffs will love knowing it was designed by Gustave Eiffel and features a secret apartment at the top. For visitors, book tickets online up to 60 days in advance to skip long queues‚Äîsummit access via elevator costs ‚Ç¨35.30 for adults in 2025, ‚Ç¨17.70 for youth (12-24), and ‚Ç¨8.90 for kids (4-11), with free entry under 4. Opening hours are typically 9:30am to 11:45pm, extending to midnight in summer; last entry 45 minutes before closing.
Arrive early to avoid crowds, and consider the stairs for a cheaper option (‚Ç¨14.20 to second floor for adults). The second floor has shops, restrooms, and the best views without needing the summit. Security checks are thorough, so pack light. Nearby, enjoy the Champ de Mars gardens for picnics or photos. Pro tip: Visit on weekdays like Wednesday for fewer people, and pair with a Seine River cruise for a full experience. It‚Äôs crowded but unforgettable‚Äîdefinitely worth the hype!",5.0,positive,pricing,Jan Kalbantner
2025-12-29 12:37:44.564868,"A must see in Paris!

I recommend going in December when there are less tourist and you‚Äôre able to see more. I‚Äôve been to the top 3 times and it never gets old. If you want a challenge, try taking the stairs. It‚Äôs not as bad as you think and you‚Äôre able to take in the views from every step.  The ticket is cheaper and you‚Äôre able to use the elevator once you reach the second level.

Note - There is security to enter the area under the Eiffel Tower, so you will need to pass through it to access the ticket office and lines to go up. I recommend giving yourself a little extra time because you never know how long the lines might be once arriving.",5.0,positive,service,Hunter
2025-09-14 12:37:44.564874,"An unforgettable experience!
The Eiffel Tower is absolutely breathtaking ‚Äîa true icon of Paris. From the ground, it's stunning, but the view from the top is even more magical, especially at sunset. Everything was well organized, and the light show at night was the perfect ending. A must-visit for anyone traveling to Paris! üòâüòäüóº",5.0,positive,ambience,Bel
2025-11-13 12:37:44.564887,"One of the most visited wonders of the world. Had heard of it for years and had a conception of it as a marvellous tower, but the real tower far exceeded all my expectations. Eiffel Tower is unique and spectacular for a number of reasons: its unique structure, its massive size, its perfect symmetry, visibility from far-away places, dazzling illumination at night, and the number of visitors every year. The compound has ll the facilities tourists require. It is always advisable to visit it at least twice a day, once during morning and then during late evening.",5.0,positive,ambience,Dr P J George
2025-11-13 12:37:44.564893,"No matter how many photos you‚Äôve seen, nothing compares to seeing the Eiffel Tower in person. Standing beneath it is awe-inspiring ‚Äî the sheer scale and elegance of the structure are incredible.
We booked our tickets online in advance (highly recommended to skip the long queues), and the process was smooth. The elevators are efficient, and the staff are helpful and friendly. We went up just before sunset, which was absolutely magical ‚Äî watching the city lights slowly come to life from the top was unforgettable. The view from the summit offers a full panorama of Paris. The sparkling light show every evening on the hour is pure joy ‚Äî it draws a crowd but is worth every moment. There are caf√©s and souvenir shops on the first and second levels, though prices are a bit high (as expected for such an iconic landmark).
Getting there is easy via M√©tro Line 6 (Bir-Hakeim) or RER C (Champ de Mars‚ÄìTour Eiffel), and the surrounding Champ de Mars gardens are perfect for photos or a picnic afterward. Tip: Go early morning or late evening to avoid crowds ‚Äî and bring a jacket if you‚Äôre going to the summit; it can get windy!",5.0,positive,,Adela Battelli
2025-11-13 12:37:44.564901,"How could this not be 5*?! The iconic tower is really a sight to behold, we had pre-booked tickets so we whisked through the already super short queue. Even thought the elevators to get up to the top seem to take a long time it does pass by quick. The number of photo opportunities from the foot of the tower to the tip are countless. All the staff that we interacted with were friendly. The upper areas get very crowded and tight but it‚Äôs still comfortable to move around. Dress warm in the cooler months as the wind can get a little brisk. Be sure to see it during the even, especially the sparkle each hour.",5.0,neutral,"staff, ambience",Jamie Higgs-Dey
2025-11-13 12:37:44.564907,"Driving through the view of the majestic Eiffel Tower during the day and night was something of a better admiration of the city of Paris. Albeit the traffic. The lights, the happy people walking along the streets of Paris admiring the area makes one feel that life is worth it. We parked nearby. For free! A short walk to the Eiffel Tower. First went at night. Been here twice and Night time view of the Eiffel is for me better than day view. It is i can say more romantic at night.",5.0,positive,ambience,Anne Chin
2025-10-14 12:37:44.564912,"Something I‚Äôve always hoped to experience.
No matter how hyped the Eiffel Tower is, seeing it in person was truly unforgettable. I had only seen it in books before, so experiencing it up close felt surreal‚Äîlike a dream realized. It does get very crowded, so I recommend visiting early in the morning and on weekdays if possible.

I took a bus from the Opera area and then walked to the tower, which I enjoyed so much. I spent time taking photos and videos, soaking it all in, and then wandered through the nearby park and surrounding caf√©s. It was such a joyful, memorable experience.

At night, the tower is even more magical when it lights up‚Äîabsolutely worth seeing both during the day and after dark. A must-visit in Paris!",5.0,positive,service,BA
2025-11-13 12:37:44.564917,It‚Äôs as romantic as it gets even after several visits. There‚Äôs a charm about The Eiffel Tower. You don‚Äôt need tickets to view the gardens and its surroundings. Plenty of photo opportunities. I like taking the public transport to Rue de Mars. You get to the foot of the tower.,5.0,positive,ambience,Renuka Morris
2025-11-13 12:37:44.564923,"We went up to the top floor, totally worth it. We went on a Sunday at 15h00 with 2 kids under 5, and ir was wonderful. A lot of people but nothing crazy. Not a lot of waiting time (only around 15 minutes for two of the elevators). Super windy! Take a jacket and a winger hat if possible. We were able t√¥t ake the stroller up, just folded.",5.0,positive,service,Orly Heiblum
2025-10-14 12:37:44.564928,"Visiting the Eiffel Tower for the first time was truly one of the most magical moments of my life. Standing before this iconic structure, I felt an overwhelming sense of joy and excitement. At night, when the tower sparkles, it‚Äôs simply breathtaking‚Äîan elegant masterpiece glowing against the Paris sky.

The atmosphere around the Eiffel Tower is filled with energy, with tourists from all over the world gathering to admire its beauty. What makes it even more special is that you can view it from different spots in the city, and each view feels unique.

Going up to the summit was an unforgettable experience‚Äîthe panoramic view of Paris from the top left me speechless. Seeing the city‚Äôs lights stretch endlessly was both romantic and deeply emotional, making me feel grateful and so alive in that moment.

The Eiffel Tower is not just a structure; it‚Äôs a symbol of love, elegance, and brilliance. My heart was filled with happiness during my visit, and the memory will stay with me forever. ‚ù§Ô∏è",5.0,positive,ambience,Gopala krishnan Vellingiri (VGK)
2025-12-29 12:37:44.564937,"The Eiffel Tower is one of the most famous landmarks in the world and a symbol of Paris. Built in 1889, it offers breathtaking views of the city and showcases remarkable architectural design. Visiting the Eiffel Tower is a memorable experience and an essential part of any trip to France.",5.0,positive,ambience,KHALED BIN BISHR
2025-11-13 12:37:44.564943,"Eiffel Tower, Paris ‚ú®üóº

An iconic masterpiece famous Tower! It's absolutely different especially at night! üåüüá´üá∑
üåç Marvel at breathtaking views from every level. üì∏ The ultimate spot for picture-perfect memories. üåÖ Experience the magic of the tower illuminated at night. üéâ A must-see landmark that captures the essence of Paris!
You can go up to 283 m high with elevator üõó or using stairs.

#Paris #EiffelTower #IconicLandmark #CityOfLight #BucketList",4.0,positive,ambience,Amin Ziaee
2025-11-13 12:37:44.564949,"Licensing get in was fast, security xrays your stuff. No reservations needed. The whole area is closed off to vendors and the like so it felt pretty safe from scammed and pick pockets.

Tickets to go up are expensive, a restaurant at the mid level has average prices.

Only one food stall menu but two stalls in the enclosed area, they didnt look good.

Gift shop was ok, could have been better.

There was nothing to explain what you were seeing, no history mentioned etc. Not a museum just a landmark.

Many street vendors bombarding you outside the grounds.

There is a toilet on site but be prepared to wait 30mins or more and pay as is usual in paris.

Beautiful grounds and a few places to take your picture, but best pics for you to be in them are outside the grounds.",4.0,negative,service,Porter Charles
2025-11-13 12:37:44.564954,"The view was breathtaking and there was a nice 3D photo booth souvenir shop. However, we had to wait 30 mins in the cold to take the lift going down with no idea when the lift was going to come. Overall, it was a fantastic experience to visit the effiel tower.",5.0,positive,ambience,Hartono Halim
2025-10-14 12:37:44.564960,Have been during the day as well as at night.  At night is by far the best.  Went all the way to the top and is amazing at night.  Took less than 35 minutes from the point she scanned our tickets to us being back down.  Went about 9pm.,5.0,positive,service,brent backman
2025-12-22 12:37:44.564969,"Much better seen at night!
Dancing lights between 18:00 and 18:05. Don‚Äôt miss. Free to see from outside and inside. Need to buy ticket only if you want to go on top.",5.0,positive,"ambience, pricing",Shishira Navneeth
2025-10-14 12:37:44.564978,Just like I imagined it to be. Magnificent and a wonder of architecture. Very nice time there. Make sure to get your tickets prior to the visit. You can buy champagne and caviar at the summit. The visit to the summit is totally worth it so I highly recommend it :),5.0,positive,ambience,Josue Villamar
2025-12-22 12:37:44.564984,"The place is one of the icons on earth worth to be seen at least.
Architecture design is fantastic but prepare your self for crowds everywhere. You might take some time to pick the right spot for the perfect photo. I recommend the other bank of the river.",4.0,positive,ambience,Muhammed Ahmed
2025-11-13 12:37:44.564990,"The Eiffel Tower is a gorgeously constructed place. A ride to the top to see the view of the city is a must. Even on a gloomy day it was fabulous. What a great feat of engineering. Gold at night and diamond flashes on the hour.
Do not sit on the ground....rats!",5.0,positive,ambience,Pennie Shaw
2025-11-13 12:37:44.564995,"Everyone knows this is one of the most iconic landmarks in the world. A couple of quick pieces of advice - it's amazing to see at night when it's lit up, especially the first 5 minutes of each hour when the lights sparkle; and watch out for scammers around the bottom - there are lots of street vendors trying to hustle their trinkets, but also some scammers lurking around trying to trick you into whatever fraud they're playing that day. Just don't engage - don't get involved in ""negotiating"" with the street vendors, don't get tricked into the ""I bought extras and want to give you something for free"" scam, etc. If you want souvenirs, you're better off just going to an actual shop.",5.0,positive,ambience,Mark Hoogs
2025-09-14 12:37:44.565001,"One of the world's greatest landmarks set on the edge of the river Seine and surrounded by beautiful parkland. We were there on a sunny August day. The park was filled with happy families. The queues were long and we didn't pay to go in but just being there, seeing it in real life and soaking up the atmosphere was great. We also had fun using the free rotating door toilets in the park that self clean after each use!",5.0,positive,ambience,Purple Armadillo
2025-11-13 12:37:44.565006,"This is one of the most iconic landmarks of Pairs. A visit here is a must if you are in  Paris. We climbed the stairs to the second floor.  That was a great view across paris, in fact a 360 degree view all across Paris!  If your a little less able there is a lift that can be caught from the bottom right to the top or stop at the second floor. It's not a bad walk up if you take it easy.  I walked up with my kids aged 7, 11 and 13 and all found it easy.  There are food outlets and toilets on the 1st and second floors, I dont know what's on the top floor as I didnt go, but i'd presume that there is on the top floor too.",5.0,positive,,Shannon Neenan
2025-08-15 12:37:44.565012,"The Eiffel Tower is without doubt one of the most iconic landmarks in the world. Visiting it feels like ticking off a major box on any travel bucket list. The structure is breathtaking, especially when seen up close. Whether you‚Äôre admiring it from the ground or going all the way up, there‚Äôs a certain magic to it ‚Äî especially around sunset or when it lights up in the evening. The view from the top offers a panoramic look over the whole of Paris, and it‚Äôs something that sticks with you.

That said, while I was impressed by the tower itself, I can‚Äôt say the same about Paris as a whole. The city just didn‚Äôt connect with me personally. It felt a bit too crowded, too busy, and honestly, a bit overrated. I found it lacked the warmth or charm I‚Äôve experienced in other cities. But that‚Äôs a personal opinion, and I know many people love it here.

If you‚Äôre visiting Paris, the Eiffel Tower is definitely worth the visit ‚Äî even if the rest of the city doesn‚Äôt win you over. It‚Äôs a symbol of France for a reason, and standing beneath it is an unforgettable experience.",3.0,positive,ambience,Khalil Awad
2025-12-22 12:37:44.565024,THIS WAS SO BEAUTIFUL!!! The lights and the dark sky looked so amazing together. The crowd is very big though and you might get pushed around a bit. I walked around the city and got multiple views of it. Best is if u go see the sparkles at night!!!,4.0,positive,ambience,Violet Dunn
2025-09-14 12:37:44.565033,"Busy as we went during the summer holidays but nice area to relax with a picnic.

Just be careful as there is a lot of folks walking around to pick pocket and also pester tourists.

Lovely views when near by and just impressive to visit.",5.0,positive,ambience,Jignesh Lad
2025-09-14 12:37:44.565039,"Must visit when in Paris! Definitely get the tickets online beforehand! Lines move quick usually as the entrances are time slotted. Amazing views from the too. Amazed at the size of the elevators! If able to, it's worth coming down through the stairs!",5.0,positive,service,Only Loafers
2025-10-14 12:37:44.565044,It is a beautiful landmark that everyone needs to see when visiting Paris. It is not only stunning in the daytime but it also sparkles at night.  It is easily accessible through the subway.  We didn't get ticket to the top. It was still beautiful when we walked around the tower. You can also buy different tours in advance for accessing to the Eiffel Tower.,5.0,positive,ambience,Tony Chien
2025-11-13 12:37:44.565050,"Pretty standard for the tourist experience, free entry for the bottom - you do need to pass through security which should be fine tbh, it was really quick entry for sunset time too.

There‚Äôs a nice pond at the bottom as well as some merch stands and food carts. Decently priced merch - food was kind of meh. Watch out for the ducks! They will run up for some food (please don‚Äôt feed them any of the food it is not suitable for them and will make them ill)!

Really wish they did student discounts on entry for accessing the levels again, as they got rid of this 2019.",4.0,positive,"food quality, pricing",Rebbecca Cameron-Clarke
2025-10-14 12:37:44.565055,"‚≠êÔ∏è‚≠êÔ∏è‚≠êÔ∏è‚≠êÔ∏è‚≠êÔ∏è

An absolutely breathtaking experience! The Eiffel Tower is truly iconic, and seeing it in person is even more magical than in pictures. The views from the top are spectacular ‚Äì Paris stretches endlessly in every direction, and the city lights at night are unforgettable. The entire visit was well organized, with clear directions and smooth crowd management.

Whether during the day for panoramic city views or at night when the tower sparkles every hour, it‚Äôs a must-visit landmark. A perfect blend of history, architecture, and romance ‚Äì no trip to Paris is complete without it.",5.0,positive,"service, ambience",Hassan Basri Sathik
2025-10-14 12:37:44.565060,"Eiffel Tower is truly one of a kind! You can take amazing photos from any angle. If you plan to go up, make sure to book your ticket in advance ‚Äî it‚Äôs absolutely worth it to see the whole of Paris from above and enjoy a glass of champagne while taking in the view ü•Ç‚ú®Even with a ticket it takes 30mins to enter and exit.",5.0,positive,"ambience, service",Suzy
2025-11-13 12:37:44.565066,"Iconic, Breathtaking, and Absolutely Worth It!
‚ÄãNo trip to Paris is complete without visiting the Eiffel Tower. Seeing it in person is just magical, and the views from the top are absolutely breathtaking. It's truly an architectural marvel. It can get busy, so booking tickets in advance is a good idea.
‚ÄãPhoto Tip: For the best, classic photos of the Eiffel Tower, walk across the river to the Trocad√©ro Gardens. If you go up the hill and stand on the plaza, you'll get that perfect, unobstructed shot with the fountains in the foreground. It's especially beautiful at sunset or when the tower sparkles at night!",5.0,positive,ambience,Richard Lowe
2025-12-15 12:37:44.565075,"Visiting the Eiffel Tower was absolutely worth it! The view of Paris from the top is breathtaking, especially in the evening when the city lights up. I highly recommend buying your tickets in advance to avoid long lines, and if possible, visit during the week when it‚Äôs less crowded. Watching the city from up there was one of the best experiences of my trip ‚Äî truly unforgettable!",5.0,positive,ambience,Martina Miklo≈°iƒá
2025-11-13 12:37:44.565081,"Such a wonderful experience, we walked all the way to the second floor, it was a work out!! I would highly recommend bringing your own water! I would also recommend buying tickets in advance, we came in October around the slower season and the line for buying tickets was so long. Definitely glad to have bought the tickets in advance!",5.0,positive,service,Abby Latham
2025-09-14 12:37:44.565086,"Great experience. Ordered tickets in advance for night time, elevator second floor. And purchased on site for Elevator top (we came to see sunrise near the tower, which was totally worth it. Then lowly walked towards the line up entrance, and were almost the first).
Best experience - day time. Getting up to the top worth it.
Night time - great to see how it glows.

Unless you are ready to wake up very early, recommending to buy tickets in advance.",5.0,positive,service,Anna Kuksenko
2025-09-14 12:37:44.565092,"5/5 ‚≠ê ‚Äì Eiffel Tower
An absolute must-see in Paris and even more impressive in person than in photos. The structure is massive, with incredible views from every level. Going up at sunset is highly recommended as you can watch the city light up while still seeing it in daylight. The tower sparkles every hour at night, which is a highlight of the visit and creates a great atmosphere along the Seine. Security and entry lines are well-organized, though still busy, so booking tickets in advance saves time. The surrounding Champ de Mars park is clean, spacious, and perfect for photos or a picnic. A world-class landmark that fully lives up to its reputation.",5.0,positive,"cleanliness, ambience",Kareem A
2025-11-13 12:37:44.565104,"The Eiffel Tower is as beautiful as always! The new security fence around it feels a bit sad ‚Äî I still remember when you could freely stroll from Trocad√©ro all the way to Les Invalides. I understand the safety concerns, but it‚Äôs a reminder of how much the world has changed. Still, it remains one of the most breathtaking places to experience in person. üåç",4.0,positive,ambience,Margarita Shevchuk
2025-10-14 12:37:44.565109,"Absolutely fantastic experience visiting this place. We experienced it first by walking along the Seine River where the views were amazing. We decided to go to the very top off the Eiffel Tower after dusk, when the Tower was lit up, in all its glory and to experience the sparkling of the lights. Also we wanted to see all of Paris lit up from the very top - which was such a magnificent experience. The whole Eiffel Tower evening experience was awesome and it was the highlight of our time in Paris.",5.0,positive,ambience,J Youde
